description,predicted_max_salary
"company description

nbcuniversal owns and operates over 20 different businesses across 30 countries including a valuable portfolio of news and entertainment television networks a premier motion picture company significant television production operations a leading television stations group worldrenowned theme parks and a premium adsupported streaming service

here you can be your authentic self as a company uniquely positioned to educate entertain and empower through our platforms comcast nbcuniversal stands for including everyone we strive to foster a diverse and inclusive culture where our employees feel supported embraced and heard we believe that our workforce should represent the communities we live in so that together we can continue to create and deliver content that reflects the current and everchanging face of the world click here to learn more about comcast nbcuniversals commitment and how we are making an impact

job description

the global streaming platform powers the best entertainment experiences from peacock nowwow skyshowtime and showmax when you join our team youll work across our dynamic portfolio supported by media industry leaders comcast nbcuniversal and sky with unequaled scale our teams make the most of every opportunity to collaborate and learn from one another were always looking for ways to innovate faster accelerate our growth and consistently offer a bestinclass consumer experience across more than 70 countries most importantly were backed by a culture of respect we embrace authenticity and inspire our people to thrive

the global streaming product team lives and breathes design excellence were a crossfunctional team of product managers ux researchers ux designers product engineers and data scientists here youll find more than a job youll find a fastpaced highperformance team of incredible colleagues who want to be at the epicenter of technology sports news tv movies and more our work is central to our mission to deliver a futurefocused user experience across our bestinclass streaming platforms were focused on getting customers to content they love faster and easier

as senior director of product management leading upgrade and churn product development on our commerce team you will conceive define design develop test and launch highly effective subscriber upgrade and retention journeys that are contextually relevant useful and resonant to existing account holders

what were looking for in a candidate

you are a seasoned product leader with a proven track record of endtoend ownership and delivery of directtoconsumer digital products particularly success leading customer monetization strategies journey optimization and experimentation and personalization in an ecommerce businessyou have experience leading teams of product managers and goal setting and coaching are among your strongest abilities you act as a force multiplier building product teams and growing talentthrough your deft communication attention to detail systems thinking and relationship building you can navigate multilayered matrixed organizations you are creative in driving teams to deliver and influencing leadership and you believe that building rapport and earning trust are important investments for success you enjoy thinking big and crafting visions but have the technical chops to talk architecture and help your team creatively solve deliverability challengesyou have relentlessly high standards deep operational knowledge and expertise in every aspect of digital product development and ecommerceyou have an established set of product development best practices and your experiencebased methods to define product vision and requirements you are comfortable coaching your team in these methods and deploying them to solve team challengesyou have used okrs and kpis to define north stars for your team and set team goals you are comfortable guiding an analytics team to prioritize their roadmap you are constantly searching for the next insight to drive roadmap prioritizationyou are a strong communicator able to articulate your pointofview engage in fact based discourse collaborate compromise and bridge gapsyou are scrappy  focused driven and the natural owner of both big ideas and practical daily output  and feel most at home in a fastpaced iterative and collaborative environmentyou are fluid and adaptable  able to work on multiple tracks and pivot from one project to another

what you will do

develop a strategy and prioritize a roadmap for directtoconsumer upgrade crossgrade and cancellation journeys and features to drivehighervaluee subscribers across web mobile devices connected devices and smart tvsdatainsights and qualitative research drive prioritization hypotheses and experimentationvigorously defend your strategy and roadmap to stakeholders at every level of the organization be an expert in your products insights and kpiscollaborate with other product leads designers and engineers to successfully deliver products to market with your team with a focus on measurement and optimization produce highquality requirements strategies and work product push relentlessly for quality while meeting aggressive deadlinesplan and build scalable and extensible products and toolslead and mentor others providing strategic direction thought leadership and inspiration to product managers and members of the wider product team

qualifications

minimum 7 years driving a product roadmap of subscriber monetization capabilities ideally for platforms serving multiple streaming propositions focusing on strategizing testing developing delivering and scalingminimum of 7 years of experience working sidebyside with engineers conceptualizing product solutions creatively and collaboratively to build platforms and products as efficiently as possible while simultaneously driving specific business outcomesminimum 2 years leading teams to design and implement multivariate tests to optimize journeys and prioritize roadmapsminimum 2 years leading product management teams required 4 years preferredminimum 2 years envisioning owning and leading teams to deliver product strategy for an ecommerce businessbasic but solid understanding of systems design technical architecture and scalable product developmentexperience building personalized or automated onboarding journeys a plusreadiness to share a presentation of an acquisition case studyms in business technical field or equivalent work experience preferredexperience with entertainment platforms tvos fire tv roku smarttvs a plusexperience working in an agile software development environment

this position is eligible for company sponsored benefits including medical dental and vision insurance 401k paid leave tuition reimbursement and a variety of other discounts and perks learn more about the benefits offered by nbcuniversal by visiting the benefits page of the careers website salary range 195000  235000

additional information

nbcuniversals policy is to provide equal employment opportunities to all applicants and employees without regard to race color religion creed gender gender identity or expression age national origin or ancestry citizenship disability sexual orientation marital status pregnancy veteran status membership in the uniformed services genetic information or any other basis protected by applicable law nbcuniversal will consider for employment qualified applicants with criminal histories in a manner consistent with relevant legal requirements including the city of los angeles fair chance initiative for hiring ordinance where applicable

if you are a qualified individual with a disability or a disabled veteran you have the right to request a reasonable accommodation if you are unable or limited in your ability to use or access nbcunicareerscom as a result of your disability you can request reasonable accommodations in the us by calling 18187774107 and in the uk by calling 44 2036185726",158391.51688401535
"about four seasons

four seasons is powered by our people we are a collective of individuals who crave to become better to push ourselves to new heights and to treat each other as we wish to be treated in return our team members around the world create amazing experiences for our guests residents and partners through a commitment to luxury with genuine heart we know that the best way to enable our people to deliver these exceptional guest experiences is through a worldclass employee experience and company culture

at four seasons we believe in recognizing a familiar face welcoming a new one and treating everyone we meet the way we would want to be treated ourselves whether you work with us stay with us live with us or discover with us we believe our purpose is to create impressions that will stay with you for a lifetime it comes from our belief that life is richer when we truly connect to the people and the world around us

about the location

an architectural icon in the heart of lower manhattan diverse inspiring and vibrant  where art meets architecture in the heart of tribeca four seasons hotel new york downtown is steps away from the citys most authentic neighbourhoods come and discover a new kind of urban chic with us whether you choose to rejuvenate in our globally inspired spa with a heated indoor pool or dine at cut by renowned celebrity chef wolfgang puck we look forward to welcoming you

our vision

we are new yorks luxury lifestyle icon

our mission

to inspire meaningful connections

to curate exceptional experiences

to deliver passionate service

with kindness care and a commitment to excellence

our value proposition is to provide our guests with a catalog of experiences for a life well lived in addition to the four seasons service excellence promise

our purpose

to enrich the lives of employees guests and the community around us

our values

we think differently

we are client obsessed

we have passion

we own it

we truly care about each other

we have integrity

join our team

the four seasons hotel new york downtown is looking for a front office manager who fully embodies our values shares a passion for excellence and infuses enthusiasm into everything they do as front office manager you will be accountable for shaping the client experience by providing exceptional service in support of our worldrenowned hotel fsnyd is recognized as a forbes 5 star hotel forbes 5 star spa and aaa 5 diamond hotel

this position reports to the assistant director of rooms

four seasons hotel new york downtown is diverse inspiring and vibrant as front office manager you will be part of a team that prides itself on excellent service driving inclusion  belonging working collaboratively demonstrating mutual respect and having a passion for providing exceptional client experiences your role is vital to the success of four seasons new york downtown you will be able to shape your work environment by contributing to new ideas offer solutions and find ways to collaborate with all departments being at the heart of the operation in return you will be provided with the same level of care that we expect to be shared with our employees and all backed by our impressive employee value proposition

who you are

you are enthusiastic optimistic and passionate you are selfdriven and solution oriented you are invested in your team you listen care about their development and celebrate your teams success you set expectations and know to inspect what you expect you foster inclusion and embrace diversity you take feedback as an opportunity to help you grow you work smart you are organized and have a strategy to achieve your goals you plan your tasks carefully you are proactive and organized ensuring youre effective you are client obsessed and create opportunities to connect in meaningful ways building lasting relationships you have integrity and your actions match your words

job title

the front office manager is responsible for directing and controlling the activities of the front desk concierge and guest services staff they will respond to a wide variety of guest requests by accurately assessing the guest needs and requests and then adding personal recommendations and touches to achieve maximum customer satisfaction while complying with all four seasons policies serves as the guest ambassador and key point person to assist guests comply with any additional requests that may arise pertaining to front office duties will manage shifts at the front desk 

manage the staff at the front office front desk guest services and concierge direct activities of the rooms division assistant managers in conjunction with director of housekeeping to ensure communications and followup on any problems guest requests or special requirementsinterview train and schedule staff provide better feedback and conduct performance evaluations along administer progressive discipline when neededmonitor and assess revenue opportunities for the hotel and maximize red date conversionensure strategic business decisions are achieved prepare and plan for rooms division revenue and expenses endeavor to maximize departmental profit and control costs contribute to the development of the hotels annual marketing plan capitalize on all areas to increase revenues and improve image

preferred qualifications and skills

we are looking for an individual who poses solid interpersonal and relationshipbuilding skills to work with crossfunctional teams apply an ethical approach to influence the outcome of situations and serve as role model for others by demonstrating appropriate business conduct and ethical principles

we are looking for candidates who are proactive have a technical knowledge of generally accepted accounting principles

ability to read write and speak english is required

this position involves a heavy volume of organizational skill and ability to operate computer equipment and excellent excel and computer skills sun adp and opera systems knowledge would be ideal and greatly valued this position requires an applicant with a flexible schedule and the ability to work all shifts weekends and holidays

34 years luxury hotel experience in an operational department head role as a department head

work authorization for the location is required

what to expect you will

be part of a cohesive team with opportunities to build a successful career with global potentialhave access to a robust benefit planhave the opportunity to engage in diverse and challenging workderive a sense of pride in work well donebe recognized for excellence

learn more about what it is like to work at four seasons  visit us

httpjobsfourseasonscom

httpwwwlinkedincomcompanyfourseasonshotelsandresorts

httpstwittercomfsnydowntown

httpswwwfacebookcomfourseasonshotelnewyorkdowntown

we look forward to receiving your application

please note that due to the large number of responses we receive only candidates being considered for the above position will be contacted for an interview

salary range 90000 95000

four seasons is an equal opportunity affirmative action employer minorities women veterans and individuals with disabilities are encouraged to apply to access the eeoc is the law information poster please visit this website  httpseeocgovsitesdefaultfilesmigratedfilesemployersposterscreenreaderoptimizedpdf",142477.0902784753
"
description

we are hiring a senior software test automation engineer who will support a critical digital transformation project for one of epams top clients this is a highimpact role with the opportunity to advance your skills and grow within a global organization if youd like to learn more about this position and project apply now connect with a recruiter today

req607980664

responsibilities

collaborate with product design and development teams to understand product requirements and create comprehensive test plans and test casesexecute functional and automated tests to verify the accuracy completeness and reliability of functionalitycontribute to the development and enhancement of ui automated testing frameworks built on espresso android and xcuitest iosanalyze requirements and determine technical feasibility for automationintegrate automated tests into ci to identify issues during the development cyclecontribute to pr reviews submit prs and contribute to the goal of 100 regression automation readinessdevelop and maintain robust scalable reusable automated test scripts across applicationsidentify document and track defects working closely with development teams to ensure timely resolution and retestingimprove qa delivery and quality through defining test strategy process improvements and coordination with multiple backend teamswork with the development team to define and implement mechanisms to inject testing earlier into the software development process via a mocking strategyprioritize competing demands manage multiple concurrent tasks and adapt to changing prioritiesparticipate in regression testing to validate that new enhancements dont negatively impact existing functionalitycontinuously improve the qa process and contribute to the development of testing best practices


requirements

minimum 7 years of technical experience with a bachelors or masters degree in science preferably computer science engineering or other related disciplinesmust have handson testing experience in ios and android mobile platforms by leveraging various functional and automated toolsminimum 3 years of mobile app automation experience with tools like monkey talk selendriod appium katalon etcpossesses deep knowledge of functional integration regression exploratory endtoend compatibility gui web services and accessibility testinggood understanding of swift kotlin or similar functional programming languagestrong programming abilities and debugging skillsexcellent api testing experience using postman intellij http client or similar toolsstrong experience with debugging tools like charles proxy splunk sentry console or similarexcellent communication and team playerexperience with full life cycle software deployment using agile practices


benefits

medical dental and vision insurance subsidizedhealth savings accountflexible spending accounts healthcare dependent care commutershortterm and longterm disability company providedlife and add insurance company providedemployee assistance programunlimited access to linkedin learning solutionsmatched 401k retirement savings planpaid time offlegal plan and identity theft protectionaccident insuranceemployee discountspet insuranceemployee stock purchase program


about epam

epam is a leading global provider of digital platform engineering and development services we are committed to having a positive impact on our customers our employees and our communities we embrace a dynamic and inclusive culture here you will collaborate with multinational teams contribute to a myriad of innovative projects that deliver the most creative and cuttingedge solutions and have an opportunity to continuously learn and grow no matter where you are located you will join a dedicated creative and diverse community that will help you discover your fullest potential


additional

this posting includes a good faith range of the salary epam would reasonably expect to pay the selected candidate the range provided reflects base salary only individual compensation offers within the range are based on a variety of factors including but not limited to geographic location experience credentials education training the demand for the role and overall business and labor market considerations most candidates are hired at a salary within the range disclosed salary range 85k 145k in addition the details highlighted in this job posting above are a general description of all other expected benefits and compensation for the position
 apply",148832.10873675114
"requisition id 843506

positionfulltime

we are essilorluxottica a global leader in the design manufacture and distribution of ophthalmic lenses frames and sunglasses the company brings together the complementary expertise of two industry pioneers one in advanced lens technologies and the other in the craftsmanship of iconic eyewear to create a vertically integrated business that is uniquely positioned to address the worlds evolving vision needs and the global demand of a growing eyewear industry

with over 180000 dedicated employees in 150 countries driving our iconic brands our people are creative entrepreneurial and celebrated for their unique perspectives and individuality committed to vision we enable people to see more and be more thanks to our innovative designs and lens technologies exceptional quality and cuttingedge processing methods every day we impact the lives of millions by changing the way people see the world

our portfolio of more than 150 renowned brands span various categories from frames lenses and instruments to brick and mortar and digital distribution as well as midrange to premium segments our shared services team accompany and enable others within the essilorluxottica collective to achieve their targets they keep people and projects running smoothly ensuring every part of our business is provided for and well taken care of

general function 

the specialist store maintenance  projects position supports capital and operational projects through the development bidding execution and closeout processes for all assigned projects and programs this position will work with outside vendors and contractors to ensure on time delivery of projects and within budget this role will be accountable for supporting the team to ensure accurate reliable collection and documentation of all project information

major duties and responsibilities

partner with store construction to review plans and construction documents and assists project managers on the team to provide feedback guidance direction and ensure compliance to brand standards and budgetpartner with procurement and assists project managers to qualify bid submittals provide comparative bid submittal analysis and present recommendations for vendor awardassist with managing the flawless execution of assigned programs including driving for results from all external vendors and cross functional partnersresponsible for the coordination of preconstruction conference calls drafting of phasing schedules and alignment of all internal and external business partnersregular review of all project photos and documentation to ensure the construction schedule is being mettimely communication of issues to leadership and brand point of contact as required to support the projectability to work across multiple brands understanding their unique traits and how to apply best in class processes across allunderstanding of brand strategies and how they impact the store experience

basic qualifications

bachelors degree3 years of experience in related fieldselfconfident decisive collaborative and builds relationships as well as displays excellent ability to communicate clearly and effectively with internal and external business partnersability to think strategically and innovativelyexcellent problem solveris diligent and able to manage multiple priorities simultaneouslyexcellent organizational and interpersonal skillsexcellent scheduling and workload management skillscomputer skills excel word outlook project etc as required to perform responsibilities and effectively communicate with all resources

preferred qualifications

experience within maintenance construction or related fielddirect exposure and interaction with crossfunctional teams

pay range 6040580  8842480

employee pay is determined by multiple factors including geography experience qualifications skills and local minimum wage requirements in addition you may also be offered a competitive bonus andor commission plan which complements a firstclass total rewards package benefits may include health care retirement savings paid time offvacation and various employee discounts

upon request and consistent with applicable laws essilorluxottica will provide reasonable accommodations to individuals with disabilities who need assistance in the application and hiring process  to request a reasonable accommodation please call the luxottica ethics compliance hotline at 18888873348 be sure to provide your name and contact information so that we may follow up in a timely manner or email hrcomplianceluxotticaretailcom

we are an equal opportunity employer  all qualified applicants will receive consideration for employment without regard to race color gender national origin social origin social condition being perceived as a victim of domestic violence sexual aggression or stalking religion age disability sexual orientation gender identity or expression citizenship ancestry veteran or military status marital status pregnancy including unlawful discrimination on the basis of a legally protected pregnancy or maternity leave genetic information or any other characteristics protected by law native americans in the us receive preference in accordance with tribal law",139854.07858666446
"who we are

at galaxy we are building products and services to help the world invest in economic progress we believe crypto and blockchain innovations will permeate and improve all aspects of our global economy our vision is a society where value and ownership flow as freely as information galaxy is a digital asset and blockchain leader helping institutions startups and individuals access and navigate the crypto economy as one of the most wellcapitalized and trusted companies in the industry we provide platform solutions custommade for a digitally native ecosystem across three complementary operating businesses global markets asset management and digital infrastructure solutions our offerings include amongst others trading lending strategic advisory services institutionalgrade investment solutions across passive active and venture strategies proprietary bitcoin mining and hosting services network validator services and the development of enterprise custodial technology galaxys ceo and founder michael novogratz leads a team of crypto enthusiasts and institutional veterans focused on the future of finance and web3 the company is headquartered in new york city with global across north america europe and asia

additional information about the companys businesses and products is available on wwwgalaxycom

what we value

we are a diverse team of free thinkers and fast movers united to help investors and creators energize the global economy we are looking for individuals who thrive in a culture of builders and overachievers and embrace high performance transparent feedback and a missionfirst approach our culture shapes our way of working and gets us where we want to be

 seek excellence  be selective to be effective  be highly aligned loosely coupled  disagree transparently  encourage independent decisionmaking  build dream teams 

who you are

the compliance analyst will be responsible for implementing the firms compliance policies related to the review and approval of marketing materials relating to galaxy digital the compliance analyst will also be asked to help review marketing materials for galaxy digitals brokerdealer and asset management business

what youll do

update and manage firm policies and procedures across multiple business lines relating to marketing reviewreview marketing and research materials and monitor marketing activities to promote compliance with internal policies applicable rules and regulationsreview social media event speaking requests and other firmrelated disclosuresmonitor ongoing regulatory actions to ensure that marketing and advertising reviews are conducted with the most uptodate industry knowledgework closely with marketing personnel to ensure compliance with internal policies and procedures and to assist with efficient workflowsuch other responsibilities as may be assigned from time to time

what were looking for

at least 2 years experience in financial services compliance reviewing marketing materialsability to apply sec finra and cftc regulation to digital assetsability to work effectively in a fastpaced team environmentability to provide accurate direct and practical advice in a timely fashiondetail oriented with the ability to assess and prioritize projects

bonus points

jd a plus but not requiredseries 24 63 65 7 a plus but not required

what we offer

competitive base salary and discretionary bonusflexible time off ie unlimited paid vacation dayscompany paid holidays 11company paid sick leavecompanypaid health and protective benefits for employees partners and other dependents3 401k company contributiongenerous paid parental leavefree virtual coaching and counseling sessions through gingeropportunities to learn about the crypto industryfree daily snacks inofficesmart entrepreneurial and fun colleaguesemployee resource groups

apply now and join us on our mission to engineer a new economic paradigm

the base salary ranges included below will be commensurate with candidate experience expertise and local market final offer amounts are determined by multiple factors including candidate experience and expertise at galaxy we maintain a total compensation philosophy which consists of a competitive base salary annual bonus and equity incentives

base salary range

110000  140000 usd

galaxy respects diversity and seeks to provide equal employment opportunities to all employees and job applicants for employment without regard to actual or perceived age race color creed religion sex or gender including pregnancy childbirth lactation and related medical conditions gender identity or gender expression including transgender status sexual orientation marital or partnership or caregiver status ancestry national origin citizenship status disability military or veteran status protected medical condition as defined by applicable state or local law genetic information or predisposing genetic characteristic or other characteristic protected by applicable federal state or local laws and ordinances

we will endeavor to make a reasonable accommodation to the known limitations of a qualified applicant with a disability unless the accommodation would impose an undue hardship on the operation of our business if you believe you require such assistance to complete the application process or to participate in an interview please contact careersgalaxycom",153895.6250435641
"company description

we create worldclass content which we distribute across our portfolio of film television and streaming and bring to life through our theme parks and consumer experiences we own and operate leading entertainment and news brands including nbc nbc news msnbc cnbc nbc sports telemundo nbc local stations bravo usa network and peacock our premium adsupported streaming service we produce and distribute premier filmed entertainment and programming through universal filmed entertainment group and universal studio group and have worldrenowned theme parks and attractions through universal destinations  experiences nbcuniversal is a subsidiary of comcast corporation

here you can be your authentic self as a company uniquely positioned to educate entertain and empower through our platforms comcast nbcuniversal stands for including everyone our diversity equity and inclusion initiatives coupled with our corporate social responsibility work is informed by our employees audiences park guests and the communities in which we live we strive to foster a diverse equitable and inclusive culture where our employees feel supported embraced and heard together well continue to create and deliver content that reflects the current and everchanging face of the world

job description

at peacock we know life is complicated but believe entertainment shouldnt be we envision a more human streaming experience that embraces the entertainment you love backed by 100 years of nbcuniversal legacy we know how to entertain we combine this legacy with an insatiable itch for innovation embracing the data and technologies that challenge the status quo our team is never done obsessing over how best to deliver excellence across television film sports news and more 

this ambition is a group effort as challengers at heart our secret weapon is our talented team of big thinkers datadriven drivers of growth and innovation we start by putting people first embracing empathy and compassion to create a more dynamic more fulfilling workplace and a better more enjoyable product as a company we embrace the power of transparency and inclusion we know the best idea can come from anywhere so were committed to creating an organization where we act as one and put ego aside we are determined to forge the next frontier of streaming through trust teamwork and talent

peacock is looking for a director to drive the evolution of our channelbased marketing technology capabilities this role will work on the growth  lifecycle marketing team and will be responsible for owning the generation of new communication tools  channels for peacock  leading a team of product managers and prioritizing the intrateam roadmap

a successful candidate will have a blended background including experience with both the technical integration and strategic application sides of marketing they will be detailoriented and wellorganized a leader who successfully works across multiple stakeholders to take ambiguous needs and flesh them out with details and structure they will support the varying needs of marketing stakeholders while ensuring cohesion with product and development workstreams

they will be passionate about defining a culture which balances a processdriven approach with efficiency and accountability

candidate must have strong knowledge of the global marketing technology space with a deep perspective on ideal architecture tool selection and data privacy regulations it is crucial that this candidate is always up to date on the latest players in marketing software ab testing attribution and other tools with an opinion on the best platforms for the job

key responsibilities could include but are not limited to

work with marketing leadership to craft martech channel roadmap and strategymaintain an understanding of marketings business goals including kpis tactics and platforms associated with each functionenable a team of marketing technologists to facilitate the requirements of marketing functions against their respective kpis  okrsown the martech request queue for channel delivery what is in motion planned for development and backlogged delegate ownership of specific queue requests across the martech teamoversee regular backlog reviews and prioritization with crossfunctional stakeholdersserve as the resident martech stack expert for peacock summarize integrations and capabilities for executive leadership crossfunctional colleagues and third partiespartner with product operations and technology teams to deliver integrated marketing capabilities for peacocks consumer facing  internal communication channels

qualifications

basic qualifications

7 years of marketing technology andor product management experienceunderstanding of marketing technology stack architecture including interplay between engagement tools ad serving platforms and data warehousesfamiliarity with global data privacy  consent regulationsexperience with core marketing platforms including cms adobe experience manager acquia drupal cep braze iterable adobe  mmp kochava branch appsflyerdata management platform experience a plus mparticle segmentstrong communication  storytelling skills breaking down complex concepts and presenting to both business and technology stakeholdersexpertise in requirements gathering developing business requirements documents brds and identifying usecasesproficiency with project  product management platforms jira airtable trelloexcellent organization and communicationfacilitation skills attention to detail and the ability to clearly and concisely articulate complex concepts for a variety of audiencesstrong leadership skills with the proven ability to coordinate and influence team members from multiple internal departments and external vendorsstrong character exhibiting company core values integrity creativity teamwork pioneering spirit and ownershipbachelors degree required

desired qualifications

adaptable performer who can lead effectively under pressure and through significant changeability to synthesize and simplify complex conceptsrequirements to the team and stakeholders and tie back to business objectivesculture carrier with strong leadership skills to drive deliver develop and inspireresultsoriented with initiative to work until job is completeexperience within media entertainment industry a plus

hybrid this position has been designated as hybrid generally contributing from the office a minimum of three days per week

this position is eligible for company sponsored benefits including medical dental and vision insurance 401k paid leave tuition reimbursement and a variety of other discounts and perks learn more about the benefits offered by nbcuniversal by visiting the benefits page of the careers website

salary range 160000  205000 bonus and longterm incentive eligible

additional information

nbcuniversals policy is to provide equal employment opportunities to all applicants and employees without regard to race color religion creed gender gender identity or expression age national origin or ancestry citizenship disability sexual orientation marital status pregnancy veteran status membership in the uniformed services genetic information or any other basis protected by applicable law nbcuniversal will consider for employment qualified applicants with criminal histories in a manner consistent with relevant legal requirements including the city of los angeles fair chance initiative for hiring ordinance where applicable

if you are a qualified individual with a disability or a disabled veteran you have the right to request a reasonable accommodation if you are unable or limited in your ability to use or access nbcunicareerscom as a result of your disability you can request reasonable accommodations by emailing accessibilitysupportnbcunicom",148744.66048508292
"you lead the way weve got your back

with the right backing people and businesses have the power to progress in incredible ways when you join team amex you become part of a global and diverse community of colleagues with an unwavering commitment to back our customers communities and each other here youll learn and grow as we help you create a career journey thats unique and meaningful to you with benefits programs and flexibility that support you personally and professionally

at american express youll be recognized for your contributions leadership and impactevery colleague has the opportunity to share in the companys success together well win as a team striving to uphold our company values and powerful backing promise to provide the worlds best customer experience every day and well do it with the utmost integrity and in an environment where everyone is seen heard and feels like they belong

join team amex and lets lead the way together

iag is a worldwide function with 200 team members and offices across nine countries within american express we are committed to growing our audit staff significantly as we continue to expand and enhance the internal audit group our assurance and risk professionals have diverse backgrounds including internal controls consumer compliance technology operational risk financial accounting data analytics and banking operations most iag team members hold at least one professional certification our audit teams align to key risk areas and business units to ensure iag can provide comprehensive and riskbased audit coverage in addition iag has a professional practices group responsible for managing audit operations quality and standards regulatory relations reporting training and professional development and key internal capabilities and technologies

key responsibilities

responsible for the maintenance and continuous monitoring of the audit universe risk assessment of audit entities and the departments business monitoring activitiesresponsible for the annual audit planning process including the preparation and maintenance of the annual audit plan for the parent company and subsidiary banks responsible for monitoring the ongoing audit plan status and running of quarterly planning sessions with the iag management teamfacilitate and provide effective challenge of proposed audit plan change requests including the preparation of all related communications and presentation materials responsible to provide timely communication and analysis of related iag metrics such as audit reporting and audit plan statisticslead iags audit reporting processes for audits special reviews and finding communications including the facilitation of audit file readiness checks and internal team assignment for issuance perform reviews of audit report distribution and audit report quality reviewslead or facilitate quarterly iag system access reviews and communicate results as necessaryfacilitate in or lead when required iag strategic initiatives or large change moments that impact iags audit plan andor audit universe participate in when required iags regulatory activities which include meeting overviews and deliverables of regulatory requests related to iags audit plan or universe maintain awareness of current bestinclass internal audit practices and peerbenchmarking effectively teach coach and develop team members as appropriate

minimum qualifications

5 years of experience in internal audit assurance advisory public accounting college degree or advanced degree in accounting finance business administration or equivalentstrong knowledge and appreciation of internal audit regulatory standards and industry best practicesstrong knowledge and experience in risk management and control theory including the assessment of risk evaluation of controls and issue managementstrong analytic and problem solving skills issue identification problem structuring analysis development of rootcauses and recommendations including the ability to analyze results and data to identify issue themes andor create opportunities for improvementexcellent written and oral communication skillsexcellent interpersonal skills including a demonstrated ability to work within highperforming teams as well as independentlypragmatic team player with ability to partner with members across the audit organization and outside stakeholdersproficiency in microsoft office and experience in use of automated reporting and analysis tools

preferred qualifications

7 years of experience in internal audit assurance advisory public accounting financial services banking capital markets industry experienceinternal audit assurance or accounting professional certification cia cpa cisa or equivalentexperience in professional practices

salary range 9000000 to 16500000 annually  bonus  benefits

the above represents the expected salary range for this job requisition ultimately in determining your pay well consider your location experience and other jobrelated factors

we back our colleagues and their loved ones with benefits and programs that support their holistic wellbeing that means we prioritize their physical financial and mental health through each stage of life benefits include

competitive base salaries bonus incentives 6 company match on retirement savings plan free financial coaching and financial wellbeing support comprehensive medical dental vision life insurance and disability benefits flexible working model with hybrid onsite or virtual arrangements depending on role and business need 20 weeks paid parental leave for all parents regardless of gender offered for pregnancy adoption or surrogacy free access to global onsite wellness centers staffed with nurses and doctors depending on location free and confidential counseling support through our healthy minds program career development and training opportunities

for a full list of team amex benefits visit our colleague benefits site

american express is an equal opportunity employer and makes employment decisions without regard to race color religion sex sexual orientation gender identity national origin veteran status disability status age or any other status protected by law

we back our colleagues with the support they need to thrive professionally and personally thats why we have amex flex our enterprise working model that provides greater flexibility to colleagues while ensuring we preserve the important aspects of our unique inperson culture depending on role and business needs colleagues will either work onsite in a hybrid model combination of inoffice and virtual days or fully virtually

us job seekersemployees  click here to view the know your rights poster and the pay transparency policy statement

if the links do not work please copy and paste the following urls in a new browser window httpswwwdolgovagenciesofccpposters to access the three posters

employment eligibility to work with american express in the us is required as the company will not pursue visa sponsorship for these positions",149387.15222917372
"1120825rr00085221 job id 1120825rr00085221

nyu langone health is a worldclass patientcentered integrated academic medical center known for its excellence in clinical care research and education it comprises more than 200 locations throughout the new york area including five inpatient locations a childrens hospital three emergency rooms and a level 1 trauma center also part of nyu langone health is the laura and isaac perlmutter cancer center a national cancer institute designated comprehensive cancer center and nyu grossman school of medicine which since 1841 has trained thousands of physicians and scientists who have helped to shape the course of medical history at nyu langone health equity diversity and inclusion are fundamental values we strive to be a place where our exceptionally talented faculty staff and students of all identities can thrive we embrace diversity inclusion and individual skills ideas and knowledge for more information go to nyulangoneorg and interact with us on linkedin glassdoor indeed facebook twitter youtube and instagram

position summary

we have an exciting opportunity to join our team as a senior marketing manager

in this role the successful candidate will contribute to the strategy and development of innovative digital marketing initiatives tailored to diverse patient segments and healthcare professionals this position will collaborate with other communications  marketing cm teams and crossfunctional nyulh stakeholders and ensuring alignment with the health systems mission to drive brand reputation and appointment volume

reporting directly to the marketing strategy lead digital platforms this position will play a critical role in nyulhs overall strategic marketing efforts including creating innovative digital programs providing a deep understanding of the profiles of different audiences receiving digital campaigns on third party platforms and supporting the advancement of nyulhs enterprise objectives

job responsibilities

marketing cloud strategy development

contribute to the development of strategic researchbased and datadriven strategies to reach prospects via third party platforms leverage working knowledge of all marketing products and platforms for online acquisition to increase growth tailor digital marketing strategies and initiatives to effectively reach the intended audience for each department andor service lines specific needexecute audience segmentation analyses to develop unique profiles that inform the design of effective digital marketing campaigns via third party platforms support the partnership with strategic planning to look at revenue opportunities for clinical priorities develop journey maps for each segment across marketing channels and platformsoversee sequencing and activation of digital marketing campaigns across multiple departments and service lines identify synergies and potential areas of conflict participate in defining governance to ensure proper campaign management and sequencing leverage performance metrics and outcomes from third party platform marketing campaigns to track their success and to inform existing and future strategies for third party platforms in partnership with the program measurement  business operations platformstay up to date with digital marketing trends and healthcare best practices adapting strategies to industry changesdrive strategic marketing campaigns that will fuel the growth of nyulh and support realization of institutional goals 

collaboration and influence

collaborate with internal marketing and communications teams to strategize and execute effective digital campaigns via third party platforms to increase reputation and business objectivesproactively coordinate with the brand ecosystem team to ensure all digital campaigns adhere to brandspecific guidance and strategies are aligned with the overall vision for nyulhsupport the market strategy lead  digital platforms associate director in infusing datadriven insights into marketing strategy campaigns and assessing their effectivenesscoordinate with the advertising lead clinical leads and fgp relationship lead on the execution of marketing campaigns requiring promotion via paid channelssupport strategic market assessments including analyzing market environments competitive intelligence and forecasting industrymarket trends informed by inputs from current digital marketing and acquisition trends

minimum qualifications

to qualify you must have a bachelors degree in marketing management strategy or related field

5 years of experience in marketing strategy

experience managing digital marketing campaigns specifically leveraging third party platforms

proficiency in project management communication tools and data analysis

strong interpersonal skills for crossfunctional collaboration and ability to build strong relationships both internally and externally

strong analytical skills with the ability to apply and communicate datadriven insights

understanding of graphic design and branding

creative instincts and willingness to testandlearn

exceptional leadership skills demonstrating the ability to teach motivate and collaborate effectively

excellent verbal and written communications skills

preferred qualifications

proven experience in healthcare marketing strategy and digital innovation

qualified candidates must be able to effectively communicate with all levels of the organization

nyu langone health provides its staff with far more than just a place to work rather we are an institution you can be proud of an institution where youll feel good about devoting your time and your talents

nyu langone health is an equal opportunity and affirmative action employer committed to diversity and inclusion in all aspects of recruiting and employment all qualified individuals are encouraged to apply and will receive consideration without regard to race color gender gender identity or expression sex sexual orientation transgender status gender dysphoria national origin age religion disability military and veteran status marital or parental status citizenship status genetic information or any other factor which cannot lawfully be used as a basis for an employment decision we require applications to be completed online

if you wish to view nyu langone healths eeo policies please click here please click here to view the federal eeo is the law poster or visit httpswwwdolgovofccpregscompliancepostersofccposthtm for more information

nyu langone health provides a salary range to comply with the new york state law on salary transparency in job advertisements the salary range for the role is 7672184  12786956 annually actual salaries depend on a variety of factors including experience specialty education and hospital need the salary range or contractual rate listed does not include bonusesincentive differential pay or other forms of compensation or benefits

to view the pay transparency notice please click here",152135.05862909654
"this is product at lattice

the lattice product team is on a mission to make work meaningful for companies across the world lattice is a talent management platform that offers performance reviews employee engagement surveys realtime feedback weekly checkins goal setting and career and compensation planning in a way that allows companies to focus on employee development growth and engagement  yielding stronger employee retention performance and impact to the bottom line since launching in 2016 we have grown to over 5000 customers globally

what you will do

as a staff product manager you will

chart and execute a course for delivering a worldclass talent suite to our customersdevelop a longerterm vision strategy and roadmap for your product area and drive executionunderstand your customers and define customer experiences focus areas and key success metrics form strong crossfunctional relationships across the organization including with our gotomarket partnersidentify and leverage the latest technology innovations eg gen ai to address customer needs and elevate their experience

what you will bring to the table

we are looking for someone who has a combination of the following

proven track record of supporting highperforming teams with a track record of developing products with bestinclass customer experiences10 years of progressive experience in product management or equivalent experience in a technical role such as software developmenta demonstrated ability to influence other product and crossfunctional teamsdemonstrated curiosity and passion in learning and understanding technology  software especially around ai  ml experience in product offeringsexperiencesoutstanding written and verbal communication skills with a talent for succinctly articulating customer challengesstrong analytical skills with the ability to analyze data and metrics to make informed decisionscomfort with ambiguity autonomy and responsibility you enjoy figuring out what needs to be doneand then doing itpreferably you have experience with multiproduct b2b saas applications and a technical degree

the estimated annual cash salary for this role is 164000  256500 this position is also eligible for incentive stock options subject to the terms of lattices applicable plans

benefits the company offers the following benefits for this position subject to applicable eligibility requirements medical insurance dental insurance vision insurance life add and disability insurance emergency weather support wellness apps paid parental leave paid time off inclusive of holidays and sick time commuter  parking accounts lunches in the office workplace amenities stipend internet and phone stipend one time wfh office setup stipend 401k retirement plan financial planning learning  development budget sabbatical program and invest in your people fund

note on pay transparency

lattice provides an estimate of the compensation for roles that may be hired as required by state regulations compensation may vary based on a location as lattice factors in specific location when benchmarking compensation for most roles b individual candidate skills and qualifications and c individual candidate experience

additionally lattice leverages current market data to determine compensation so posted compensation figures are subject to change as new market data becomes available the salary other compensation and benefits information is accurate as of the date of this posting lattice reserves the right to modify this information at any time subject to applicable law

about lattice

lattice is on a mission to build cultures where employees and their companies thrive in an age where employees have more choices than ever before businesses that put employees first are winning  and lattice is building the tools to empower those peoplecentric companies

lattice is a people success platform that offers performance reviews employee engagement surveys realtime feedback weekly checkins goal setting and career planning in a way that allows companies to focus on employee development growth and engagement  yielding stronger employee retention performance and impact to the bottom line  since launching in 2016 we have grown to over 5000 customers globally including brands like slack robinhood and gusto

lattice is committed to equal treatment and opportunity in all aspects of recruitment selection and employment without regard to gender race religion national origin ethnicity disability gender identityexpression sexual orientation veteran or military status or any other category protected under the law lattice is an equal opportunity employer committed to a community of inclusion and an environment free from discrimination harassment and retaliation

by clicking the submit application button below you consent to lattice processing your personal information for the purpose of assessing your candidacy for this position in accordance with lattices job applicant privacy policy

",152914.4982801921
"leading consulting firm is seeking a highly motivated selfstarting individual to join the team as an environmental health and safety consultant this consulting firm provides regulatory quality and technical consulting services we are seeking experienced environmental health and safety professionals to assist us in providing support services to our clients in new york new yorkkey job responsibilitiesthe environmental health and safety consultant will provide client coordination in all safety and environmental disciplines including potent compound safety biological safety chemical safety radiation safety controlled substances emergency preparednessestablishment and maintenance of ehs permits and licenses in compliance with federal state and city regulationsconduct risk assessments to analyze and evaluate the proper handling of potent compounds biological materials chemicals and associated equipment and procedurescoordinate and conduct training to meet corporate training plans and regulatory requirementsindustrial hygiene monitoring and reportingspecial emphasis on hazardous waste compliance and managementassist in the review and update of various ehs proceduresmay complete special assignments or research projects as requiredperforms other tasks as assignedqualificationseducationbachelors degree in engineering toxicology environmental health and safety ehs or related technical field graduate degree is preferred but not requiredcih or csp highly preferred410 years experience in the ehs field in life sciences research and developmentdemonstrated knowledge of and experience with osha state of new york regulations and k knowledge of ibc imc ifc and nfpa codes a plusstrong communication and interpersonal skills individual must be able to build strong relationships with both internal and external customers and participate effectively on crossfunctional teams without direct supervisory responsibility of the teamdemonstrated experience in program development and implementation of new or changing regulationsability to adapt and learn in a changing work environmentability to manage multiple prioritiesstrong attention to detailability to work independentlydemonstrated strong problemsolving and analytical skillsexcellent communication and presentation skills both verbal and writtenability to effectively interact throughout all levels and functions of the organization and with outside agenciesexperience conducting regulatory compliance audits preferredphysical demands travelthe physical demands of this job are consistent with office and laboratory environments the physical demands here are representative of those that must be met by an employee to successfully perform the essential functions of this job domestic and international travel may be requiredwork environmentthe work environment characteristics described here are representative of those an employee encounters while performing the essential functions of this jobjob type fulltimepay 9627000  12220000 per yearbenefits
401kdental insurancehealth insurancepaid time offretirement planvision insurance
schedule
monday to friday
ability to relocate
new york ny 10016 relocate before starting work required
work location in person",145919.68794155034
"you lead the way weve got your back

with the right backing people and businesses have the power to progress in incredible ways when you join team amex you become part of a global and diverse community of colleagues with an unwavering commitment to back our customers communities and each other here youll learn and grow as we help you create a career journey thats unique and meaningful to you with benefits programs and flexibility that support you personally and professionally

at american express youll be recognized for your contributions leadership and impactevery colleague has the opportunity to share in the companys success together well win as a team striving to uphold our company values and powerful backing promise to provide the worlds best customer experience every day and well do it with the utmost integrity and in an environment where everyone is seen heard and feels like they belong

join team amex and lets lead the way together

as part of our diverse tech team you can architect code and ship software that makes us an essential part of our customers digital lives here you can work alongside talented engineers in an open supportive inclusive environment where your voice is valued and you make your own decisions on what tech to use to solve challenging problems american express offers a range of opportunities to work with the latest technologies and encourages you to back the broader engineering community through open source and because we understand the importance of keeping your skills fresh and relevant we give you dedicated time to invest in your professional development find your place in technology on teamamex

the role

do you love bringing strategic vision to life are you excited about driving largescale business transformation we are seeking a manager to join the value cocreation vcc enterprise program team within american express technologys tech business management tbm organization in this role you will have the opportunity to shape the future of how american express prioritizes designs and builds products that customers love while driving engagement collaboration and innovation across the enterprise

this manager role will work on the strategic planning and program management of value cocreation an enterprisewide initiative with the goal of transforming amexs ways of working together across business product and technology functions to drive enhanced customer value and business outcomes faster examples of new ways of working include but are not limited to enhanced collaboration and cocreation across business product and technology through all stages of product development cycle ensuring alignment with architecture frameworks and standards and sdlc controls evolving investment portfolio planning capacity management and execution oversight to enable the key tenets of the value co creation model

this manager will be a member of the vcc program team a team that will provide program governance coordinate crossfunctionally and lead the overall transformation this team will also be responsible for designing and delivering change management education and communications to ensure successful adoption of the new ways of working across business product and technology key to the overall programs success will be the partnerships formed across technology business and product leaders engaging them in the design and implementation of new processes and techniques as well as the formation and support of valuestream aligned teams that will adopt the new ways of working to scale across the enterprise

what youll do

the manager in this role will be an instrumental thought partner in strategic program planning support the multiyear vcc roadmap drive regular governance processes and ensure successful implementation of vcc throughout the enterprise specifically this manager will

manage the multiyear vcc roadmap and workplan identifying ideal state and the strategic plan to achieve it while ensuring progress is made on next steps towards achieving program milestones monitor and evaluate the programs performance through regular program reporting analyzing progress and synthesizing key strategic insights fit for executivelevel audience work closely within and across business units to manage daytoday scaleup activities tracking overall progress timeline management and proactively identifying risks and escalating if necessary ensure progress is made on developing and implementing strategy to enable scaling and evolution of vcc communicate with crossfunctional teams to ensure alignment on program milestones and next steps maintain and organize centralized document repository for key program materials and resources prepare executivelevel materials and communications for a variety of audiences and forums influence others often without direct authority persuading with compelling data facts and conclusions collaborate effectively and build key relationships with crossfunctional teams throughout the enterprise 

qualifications

experience in projectprogram management working on highpriority large scale strategic initiatives in the digital space experience in internal consultingmanagement consulting delivering transformational change projects within digitaltechnology and change management disciplines a plus solid business acumen and problemsolving skills with high capacity for strategicendtoend planning and the ability to strategically identify implications and recommendations outstanding organizational skills with ability to manage and prioritize multiple workstreams simultaneously demonstrated track record of independently driving endtoend results across priorities in a fastpaced and dynamic environment and executing flawlessly experience designing governance structures effective operating models and new processes for programs and strategic initiatives proficient in developing highquality presentations and communication materials for an executive audience is a must with a strong attention to detail a selfstarter with an ability to navigate ambiguity form solutions out of white space and easily adapt to a constantly evolving environment while continuing to make progress towards goals track record of influencing change within a matrixed organization working across levels and job functions interpersonal and influencing skills with the ability to build stakeholder relationships and work with crossfunctional partners at all levels with strong executive presence strong written and verbal communication skills with the ability to clearly communicate messages to a variety of audiences across functions and levels high intellectual curiosity ability to solve complex problems strategic thinking mindset and innovative thought leadership experience working with csuiteexecutivelevel leadership familiarity with agile delivery methodologies and working knowledge of product development life cycle prior exposure to fintech and the paymentbanking industry extensive expertise in sharepoint confluence and microsoft suite loves working in a lean fastpaced and dynamic environment bachelors degree mba a plus located in new york 

salary range 11000000 to 19000000 annually  bonus  benefits

the above represents the expected salary range for this job requisition ultimately in determining your pay well consider your location experience and other jobrelated factors

we back our colleagues and their loved ones with benefits and programs that support their holistic wellbeing that means we prioritize their physical financial and mental health through each stage of life benefits include

competitive base salaries bonus incentives 6 company match on retirement savings plan free financial coaching and financial wellbeing support comprehensive medical dental vision life insurance and disability benefits flexible working model with hybrid onsite or virtual arrangements depending on role and business need 20 weeks paid parental leave for all parents regardless of gender offered for pregnancy adoption or surrogacy free access to global onsite wellness centers staffed with nurses and doctors depending on location free and confidential counseling support through our healthy minds program career development and training opportunities

for a full list of team amex benefits visit our colleague benefits site

american express is an equal opportunity employer and makes employment decisions without regard to race color religion sex sexual orientation gender identity national origin veteran status disability status age or any other status protected by law

we back our colleagues with the support they need to thrive professionally and personally thats why we have amex flex our enterprise working model that provides greater flexibility to colleagues while ensuring we preserve the important aspects of our unique inperson culture depending on role and business needs colleagues will either work onsite in a hybrid model combination of inoffice and virtual days or fully virtually

us job seekersemployees  click here to view the know your rights poster and the pay transparency policy statement

if the links do not work please copy and paste the following urls in a new browser window httpswwwdolgovagenciesofccpposters to access the three posters

employment eligibility to work with american express in the us is required as the company will not pursue visa sponsorship for this position",153178.32156785938
"job description

main function

jefferies is seeking a senior associate for its business services equity research team which covers the environmental services diversified services and employment services sectors

responsibilities

 building and maintaining financial models and industry databases insuring correct and uptodate information for research reports that are distributed to internalexternal clients  work closely with senior analyst to write company reports monthlyweekly publications and coverage initiation reports  help lead research content idea generation for future reports client engagement  review business and trade publications annual reports financial filings and other sources in order to gather synthesize and interpret data on companies related to the coverage universe  develop marketing materials for clients meet with management teams of companies and attend industry conferences where appropriate  over time the associate will also be responsible for communicating recommendations to sales trading and clients 


qualifications  external

 candidate must have experience in equity research andor investment banking 2 years experience preferred  candidate must be a selfstarter very detailoriented resourceful hardworking and comfortable initiating contact and interacting with research sources  candidate must possess a strong financial acumen including competencies in accountingfinancial modeling securities valuation and an aptitude toward financial markets  candidate must have strong writing skills and the ability to work independently  candidate must have strong listening verbal written communication and organizational skills  candidate with series 7 63 86  87 licenses preferred 


primary location full time salary range of 135000165000

the salary offered will take into consideration an individuals experience level and qualifications in addition to salary jefferies offers for eligible employees an annual discretionary incentive and retention bonus competitive employee benefits including medical dental  vision coverage 401k life accident and disability insurance and wellness programs jefferies also offers paid time off packages that include planned time off vacation unplanned time off sick leave and paid holidays and paid parental leave

about us

jefferies financial group inc jefferies we us or our is a usheadquartered global full service integrated investment banking and securities firm our largest subsidiary jefferies llc a us brokerdealer was founded in the us in 1962 and our first international operating subsidiary jefferies international limited a uk brokerdealer was established in the uk in 1986 our strategy focuses on continuing to build out our investment banking effort enhancing our capital markets businesses and further developing our leucadia asset management alternative asset management platform we offer deep sector expertise across a full range of products and services in investment banking equities fixed income asset and wealth management in the americas europe and the middle east and asia

at jefferies we believe that diversity fosters creativity innovation and thought leadership through the infusion of new ideas and perspectives we have made a commitment to building a culture that provides opportunities for all employees regardless of our differences and supports a workforce that is reflective of the communities where we work and live as a result we are able to pool our collective insights and intelligence to provide fresh and innovative thinking for our clients

jefferies is committed to creating and sustaining a diverse workforce and encourages applicants from all backgrounds to apply this includes applicants from historically underrepresented groups including women racial and ethnic minorities members of the lgbtq community military veterans and individuals with disabilities or who are neurodiverse

jefferies is an equal employment opportunity employer and takes affirmative action to ensure that all qualified applicants will receive consideration for employment without regard to race creed color national origin ancestry religion gender pregnancy age physical or mental disability marital status sexual orientation gender identity or expression veteran or military status genetic information reproductive health decisions or any other factor protected by applicable law we are committed to hiring the most qualified applicants and complying with all federal state and local equal employment opportunity laws as part of this commitment jefferies will extend reasonable accommodations to individuals with disabilities as required by applicable law

all e mployees must follow jefferies covid19 protocol policy  which is subject to chan ge ",160051.25311449886
"overview

the company

hearts  science has been inspired by confident marketers seeking business advantage in a world of personalized digital marketing where crm and addressable channels converge and decisions must be made in real time to aggregate effective reach and deliver the right message at the right time

designed to inform brand strategies with realtime insights hearts  science is a datadriven marketing agency with expert media planning and buying capabilities among other services that include shopper marketing marketing innovation and content activation

associate search

as an entry level role the associate is responsible for working with the strategy team in the development and execution of media plans in this position you will assist in gathering and preparing information for media plan development plan stewardship and performance reporting

qualifications

interest in the principles of advertising marketing and mediaanalytical thinking with a competency in mathematical conceptsworks well in a team environmentproficient in microsoft office particularly excel and pptability to learn media tools and softwareability to write clearly and concisely as well as communicate and interact professionally


responsibilities

gather data to support media recommendations through syndicated research tools target audience analyses competitive reports etcassist in the execution of the media plan by working with the team to prepare authorizations for client signature and insertion orderswork with senior associate to prepare and distribute weekly status reportsanalyze results data in weekly client dashboards and begin to draw insights from big datameasure media performance to determine the extent to which the original objectives were metparticipate in client and publisher meetings with opportunities to develop presentation skillsattend learning  development training classes including but not limited to digital and offline media concepts visualization presentation skills tool trainings etcattend internal and external publisher meetings and presentations


compensation range 34000  45000 annually this is the pay range the company believes it will pay for this position at the time of this posting consistent with applicable law compensation will be determined based on relevant experience other jobrelated qualificationsskills and geographic location to account for comparative cost of living the company reserves the right to modify this pay range at any time for this role benefits include healthvisiondental insurance 401k healthcare flexible spending account dependent care flexible spending account vacation sick personal days paid parental leave and paid medical leave stdltd insurance benefits

hearts  science is an equal opportunityaffirmative action employer all qualified applicants will receive consideration for employment without regard to race color religion sex sexual orientation gender identity national origin disability or veteran status age or any other federally protected class",115690.69977804102
"job id 24740466

overview of the role

citi the leading global bank has approximately 200 million customer accounts and does business in more than 160 countries and jurisdictions citi provides consumers corporations governments and institutions with a broad range of financial products and services including consumer banking and credit corporate and investment banking securities brokerage transaction services and wealth management

as a bank with a brain and a soul citi creates economic value that is systemically responsible and in our clients best interests as a financial institution that touches every region of the world and every sector that shapes your daily life our enterprise operations  technology teams are charged with a mission that rivals any large tech company our technology solutions are the foundations of everything we do from keeping the bank safe managing global resources and providing the technical tools our workers need to be successful to designing our digital architecture and ensuring our platforms provide a firstclass customer experience we reimagine client and partner experiences to deliver excellence through secure reliable and efficient services

our commitment to diversity includes a workforce that represents the clients we serve from all walks of life backgrounds and origins we foster an environment where the best people want to work we value and demand respect for others promote individuals based on merit and ensure opportunities for personal development are widely available to all ideal candidates are innovators with wellrounded backgrounds who bring their authentic selves to work and complement our culture of delivering results with pride if you are a problem solver who seeks passion in your work come join us well enable growth and progress together

the emerging threat analyst is an intermediate level position responsible for driving efforts to prevent monitor and respond to informationdata breaches and cyberattacks the overall objective of this role is to ensure the execution of information security directives and activities in alignment with citis data security policy

as an emerging threat analyst your role is to monitor identify and analyze new and evolving threats to citis information systems networks and data youll stay at the forefront of emerging technologies vulnerabilities threat actors and attack vectors leveraging this knowledge to anticipate and mitigate future potential risks collaborating with crossfunction teams youll develop proactive strategies and countermeasures to protect against these emerging cyber threats or nearterm threats ensuring resilient and strong controls andor mitigations youll author expert reports and provide recommendations for enhancing defensive capabilities strong analytical skills a deep understanding of cyber principles and a proactive mindset are essential for success in this dynamic and critical role

responsibilities

develop corrective action language for information security is gaps and ensure risk closure meets citi requirements or industry best practicesfacilitate the implementation of approved is tools and identifyrecommend new or improved security solutions or emerging technologiesmitigate risk by analyzing the root cause of issues impacts to business and required corrective actions and develop security solutionsensure is compliance and seek opportunities to enhance the efficiency of is policies and proceduresidentify significant is threats and vulnerabilities and define appropriate controls for discovered threats documenting the business responsedisseminate changes to is regulations and standards to business and program ownersprovide information security advice and counsel as neededappropriately assess risk when business decisions are made demonstrating particular consideration for the firms reputation and safeguarding citigroup its clients and assets by driving compliance with applicable laws rules and regulations adhering to policy applying sound ethical judgment regarding personal behavior conduct and business practices and escalating managing and reporting control issues with transparency

qualifications

610 years of relevant experienceadditional technical certifications are preferreddemonstrated ability to research and apply current information regarding the is fieldconsistently demonstrates clear and concise written and verbal communicationproven influencing and relationship management skillsproven analytical skills

education

bachelors degreeuniversity degree or equivalent experiencemasters degree preferred

this job description provides a highlevel review of the types of work performed other jobrelated duties may be assigned as required



job family group 

technology



job family

information security



time type

full time



primary location

new york new york united states



primary location full time salary range

14232000  21348000

in addition to salary citis offerings may also include for eligible employees discretionary and formulaic incentive and retention awards citi offers competitive employee benefits including medical dental  vision coverage 401k life accident and disability insurance and wellness programs citi also offers paid time off packages including planned time off vacation unplanned time off sick leave and paid holidays for additional information regarding citi employee benefits please visit citibenefitscom available offerings may vary by jurisdiction job level and date of hire



anticipated posting close date

apr 24 2024



citi is an equal opportunity and affirmative action employer

qualified applicants will receive consideration without regard to their race color religion sex sexual orientation gender identity national origin disability or status as a protected veteran

citigroup inc and its subsidiaries citi invite all qualified interested applicants to apply for career opportunities if you are a person with a disability and need a reasonable accommodation to use our search tools andor apply for a career opportunity review accessibility at citi

view the eeo is the law poster view the eeo is the law supplement

view the eeo policy statement

view the pay transparency posting",150624.82631257133
"top tier law firms seeking biglaw litigation associates counsel and partners with experience in 
financial services litigation associate  midlevel experience in financial services litigationma litigation associate  experience in litigation related to mergers and acquisitionsconstruction litigation associate  experience in construction litigationproduct liability associate  specialization in product liability lawcommercial litigation associate  experience in commercial litigationinsurance coverage associate  midlevel experience in insurance coverage casesantitrust associate  experience in antitrust lawpersonal injury defense attorney  experience in defending personal injury casessubrogation  recovery attorney  expertise in subrogation and recovery casesarbitration  litigation defense attorney  experience in arbitration and litigation defensewhite collar litigation associate  experience in whitecollar crime litigationinternet strategy and litigation associate  expertise in internetrelated litigationaccessibilityemployment litigation associate  experience in accessibility and employment lawcyber class action litigation attorney  expertise in cyber class action litigationgeneral liability associate attorney  experience in general liability lawmedical malpractice attorney  specialization in medical malpractice casesconsumer financial services litigation associate  specialization in consumer financial services litigationmanaged care litigation associate  experience in managed care litigationnew york antitrust associate  specialization in antitrust law in new yorknew york litigation associate  experience in litigation within the new york jurisdiction",174253.57207455544
"a national real estate firm headquartered in manhattan is actively seeking a corporate controller to join their team in this exciting role you will be responsible for overseeing all aspects of financial accounting and reporting ensuring the accuracy and timely delivery of financial information
key responsibilities lead the preparation of financial statements and disclosures in accordance with gaap and other regulatory requirements develop and maintain financial reporting processes and systems to ensure accuracy efficiency and compliance oversee the monthly quarterly and annual close process ensuring the timely and accurate completion of financial reporting manage a team of financial professionals and provide mentorship and training to ensure their professional development collaborate with other members of the finance team to ensure the integrity of financial information and resolve any issues stay uptodate on changes in accounting standards and regulations and implement any necessary changes
qualifications bachelors degree in finance accounting or related field with a strong preference for a cpa minimum of 8 years of relevant experience in financial accounting and reporting with at least 3 years in a management role strong understanding of gaap and regulatory reporting requirements excellent communication and interpersonal skills with the ability to effectively communicate complex financial concepts to nonfinancial stakeholders ability to work in a fastpaced environment prioritize tasks and meet tight deadlines advanced proficiency in microsoft excel and experience with financial reporting software",146561.73567268593
"dynamic apparel company is seeking a detailedoriented licensing coordinator to join the team the ideal candidate will be responsible for the submission and tracking of artwork and samples for approvals with licensors and will act as a liaison between production design and sales familiarity with fila and sketchers systems a plus strong excel skills required
excellent benefits salary is commensurate with experience",134239.91879896956
"title

manager advanced advertising planning solutions

role overview  responsibilities

paramount globals vantage is the leading advanced advertising platform in the industry bringing audiencebased solutions to clients with activations that span our massive linear digital and addressable tv portfolio

sitting within the advanced advertising organization the planning solutions team is responsible for overseeing the planning and implementation of all crossplatform media plans optimized via vantage

in this role you will work with software engineers and data scientists as well as pricing inventory operations technology and sales to create and implement optimized crossplatform media plans that deliver on client goals

responsibilities

 manage a team of 3 analysts providing daytoday support and guidance oversee all campaign and performance management processes across two major hold cos use groundbreaking optimization platforms to build media plans for advanced audiences that deliver on client goals provide detailed data points and analysis of optimized media plans to sales used to inform proposal recommendation and to evangelize the vantage product in the marketplace monitor and track crossplatform delivery assist in revenue and inventory forecasting partner with advanced advertising product engineering and data science teams to build and streamline operational workflows including testing and deploying new optimization capabilities and executing against new currencies

basic qualifications

 57 years working in media buying planning operations or media analyticsfocused role ability to analyze data develop insights and clearly communicate the impact of varying data points deep understanding of advertising and agency ecosystems in television andor digital advanced in excel proven track record of training and developing emerging talent bachelors degree or equivalent

preferred qualifications

 experience manipulating and analyzing large datasets experience working with salesforce freewheel operative one wide orbit andor similar systems fluency in the advanced advertising ecosystem

additional qualifications

 passion for problemsolving and the ability to find answers to difficult questions strong written and oral communication skills ability to collaborate across various teams highly organized with the ability to manage multiple projects at once prioritize actions deadlines and anticipate solutions strong written and oral communication skills

paramount global nasdaq para paraa is a leading global media and entertainment company that creates premium content and experiences for audiences worldwide driven by iconic studios networks and streaming services paramounts portfolio of consumer brands includes cbs showtime networks paramount pictures nickelodeon mtv comedy central bet paramount pluto tv and simon  schuster among others paramount delivers the largest share of the us television audience and boasts one of the industrys most important and extensive libraries of tv and film titles in addition to offering innovative streaming services and digital video products the company provides powerful capabilities in production distribution and advertising solutions

additional information

hiring salary range 9300000  11070000 the hiring salary range for this position applies to new york california colorado washington state and most other geographies starting pay for the successful applicant depends on a variety of jobrelated factors including but not limited to geographic location market demands experience training and education the benefits available for this position include medical dental vision 401k plan life insurance coverage disability benefits tuition assistance program and pto or if applicable as otherwise dictated by the appropriate collective bargaining agreement this position is eligible to earn sales incentive compensation

httpswwwparamountcomcareersbenefits

paramount is an equal opportunity employer eoe including disabilityvet

at paramount the spirit of inclusion feeds into everything that we do onscreen and off from the programming and movies we create to employee benefitsprograms and social impact outreach initiatives we believe that opportunity access resources and rewards should be available to and for the benefit of all paramount is proud to be an equal opportunity workplace and is an affirmative action employer we are committed to equal employment opportunity regardless of race color ethnicity ancestry religion creed sex national origin sexual orientation age citizenship status marital status disability gender identity gender expression and veteran status

if you are a qualified individual with a disability or a disabled veteran you may request a reasonable accommodation if you are unable or limited in your ability to use or access httpswwwparamountcomcareers as a result of your disability you can request reasonable accommodations by calling 2128465500 or by sending an email to paramountaccommodationsparamountcom only messages left for this purpose will be returned",138644.83443341876
"a private equity backed building materials company with multiple sites and business lines is looking to hire a staff accountant

job function

 assist with day to day accounting  reconcile invoices for accounts payable  manage unapproved ap unbilled ap  ap agings  assist credit department with monitoring ar and providing associated analysis  application and depositing of customer payments daily credit card reconciliations  complete various reporting including a daily flash report sales reporting and inventory valuation reports  assist in yearend audits 1099 reporting and yearend reconciliations  assist controller wmonthend close and preparation of balance sheet reconciliations  assist wbudgeting and forecasting  preparation of monthly and quarterly financial reporting for management review 


job requirements

 bachelors degree in accounting  at least 12 years or audit andor accounting experience  cpa or parts passed preferred  proficient in excel  experience with an erp system  ability to work with all levels of management and personnel  strong communication and organizational skills 


disclosure the hourly rates andor salaries listed may or may not reflect total compensation packages including bonus and fringe benefits etc nor are the advertisements posted a guarantee of a certain compensation package for a position or bona fide offer of employment all qualified applicants will receive consideration for employment without regard to race color religion sex sexual orientation gender identity national origin or protected veteran status and will not be discriminated against on the basis of disability

28386

",141723.03430707415
"job title vp assistant general counsel
location new york ny hybrid
firm overview
cantor fitzgerald lp with over 12000 employees has been a leading global financial services firm at the forefront of financial and technological innovation since 1945 cantor fitzgerald  co is a preeminent investment bank serving more than 5000 institutional clients around the world recognized for its strengths in fixed income and equity capital markets investment banking spac underwriting pipe placements commercial real estate and for its global distribution platform capitalizing on the firms financial acumen and technology prowess cantors portfolio of businesses also includes prime brokerage asset management and other businesses and ventures for 79 years cantor has consistently fueled the growth of original ideas pioneered new markets and provided superior service to clients cantor operates trading desks in every major financial center globally with offices in over 30 locations around the world as one of the few remaining private partnerships on wall street cantor has the distinct ability to focus on longterm value creation and solid relationship building our structure allows us to respond quickly to client needs develop solutions that address complex challenges avoid the limitations of bureaucracy and attract talented individuals who are driven to succeed  
responsibilities
electronic trading agreements brokerage services agreements commission sharing agreements environmental brokerage services agreements ndas and introducing broker agreementssales and trading legal coverage for bgc including fenics and gfi entitieslicensing requirements to approve crossborder transactionsclosely with business compliance legal risk and operations to facilitate new business while appropriating and managing riskguidance on new products and businessescoverage for negotiating prime brokerage agreements master repurchase agreements master securities lending agreements and isdasis based in nyc as part of the sales and trading legal team
qualifications
10 years of legal experience preferably with inhouse legal experiencesuccessful candidate is a detailoriented collaborative team player who thrives in a dynamic exciting environment fitting with the firms entrepreneurial spirit
educational qualifications
degree requiredrequired
hybrid working  we are currently operating a hybrid model for our shared services employees including this role we anticipate continuing these arrangements for the foreseeable future with periodic review hybrid for cantor fitzgerald  its affiliates across the working week means three days officebased and two days remote
salary  220000   225000
the expected base salary for this position ranges from 220000 to 225000the actual base salary will be determined on an individualized basis taking into account a wide range of factors including but not limited to relevant skills experience education and where applicable licenses or certifications held in addition to base salary and a competitive benefits package this position may be eligible for additional types of compensation including discretionary bonuses and other short and longterm incentives eg deferred cash equity etc",159043.37179793455
